Model,R_squared,Adj_R_squared,AIC
P1 only,0.25901116023262855,0.25160127183495484,771.4532922212858
All loading (P0+P1+P2),0.3415226286521762,0.3213651581007122,763.4116406579599
With insert size,0.39409183341945536,0.3691059296429381,756.9250649765662
P1*Insert interaction,0.39570260761775644,0.36422878509784795,758.653542400867
