n_cells,mean_yield,sd_yield,mean_p0,mean_p1,mean_p2,mean_insert
102,19.377579264313727,12.0383151590245,42.63490196078431,22.342058823529413,33.45421568627451,9064.284313725493
